Long,Lat,ORGANIZATI,UNIT,SUBUNIT,SUBUNIT2,FIREID,FIRENAME,FIRENUMBER,FIRECODE,CAUSE,SPECCAUSE,STATCAUSE,SIZECLASS,SIZECLASSN,FIRETYPE,PROTECTION,FIREPROTTY,YEAR_,FiscalYear,STARTDATED,CONTRDATED,OUTDATED,GACC,DISPATCH,STATE,STATE_FIPS,FIPS,DLATITUDE,DLONGITUDE,TOTALACRES,TRPGENCAUS,TRPSPECCAU,Cat_Field,DuplicateF,FireName_A,Keep,Duplicate_
-114.2475126,43.53630612,BLM,AZ,AZYUD,Yuma-Lake Havasu Zone,93300,Bison II, ,C866,Human,0,0,B,2,2,1,21,1999,1999,9/15/99 0:00,9/15/99 0:00,9/15/99 0:00,EBCC,South Central Interagency Dispatch Center,Idaho,16,16,43.5363,-114.2475,0.5,0,0,C866/1999/Idaho/BISON II,C866,BISON II, ,0
-120.7594133,40.25820528,BLM,CA,CACND,Central California,98433,NorthFork, ,U852,Human,30,0,F,6,1,3,13,2000,2000,8/3/00 0:00,8/14/00 0:00,8/14/00 0:00,ONCC,Plumas Emergency Communications Center,California,6,6,40.2582,-120.7594,1860,6,30,U852/2000/California/NORTHFORK,U852,NORTHFORK, ,0
-110.6080126,47.20440681,BLM,CA,CACND,Central California,102642,Rock, ,D006,Human,3,0,B,2,1,3,13,2001,2001,7/4/01 0:00,7/4/01 0:00,7/4/01 0:00,NRCC,Lewistown Interagency Dispatch Center,Montana,30,30,47.2044,-110.608,1,6,3,D006/2001/Montana/ROCK,D006,ROCK, ,0
-120.2510132,40.56660534,BLM,CA,CANOD,NorCal District,10096,FIRST, ,D288,Human,3,0,A,1,1,1,11,1997,1997,1/8/97 0:00,1/8/97 0:00,1/9/97 0:00,ONCC,Susanville Interagency Fire Center,California,6,6,40.5666,-120.251,0.1,6,3,D288/1997/California/FIRST,D288,FIRST, ,0
-124.3545138,40.28990498,BLM,CA,CANOD,NorCal District,10097,MATOLE #1, ,D289,Human,19,0,A,1,1,3,13,1997,1997,3/4/97 0:00,3/4/97 0:00,3/5/97 0:00,ONCC,Fortuna Interagency Command Center,California,6,6,40.2899,-124.3545,0.1,5,19,D289/1997/California/MATOLE #1,D289,MATOLE #1, ,0
-120.3344133,40.74990535,BLM,CA,CANOD,NorCal District,10101,SPANISH, ,D293,Human,4,0,A,1,1,1,11,1997,1997,4/3/97 0:00,4/3/97 0:00,4/7/97 0:00,ONCC,Susanville Interagency Fire Center,California,6,6,40.7499,-120.3344,0.1,6,4,D293/1997/California/SPANISH,D293,SPANISH, ,0
-124.3345138,40.28320498,BLM,CA,CANOD,NorCal District,10104,MATOLE #2, ,D296,Human,19,0,A,1,1,3,13,1997,1997,4/6/97 0:00,4/6/97 0:00,4/8/97 0:00,ONCC,Fortuna Interagency Command Center,California,6,6,40.2832,-124.3345,0.1,5,19,D296/1997/California/MATOLE #2,D296,MATOLE #2, ,0
-120.3844132,40.38320532,BLM,CA,CANOD,NorCal District,10106,BLUE, ,D298,Human,11,0,A,1,1,1,11,1997,1997,4/26/97 0:00,4/26/97 0:00,4/27/97 0:00,ONCC,Susanville Interagency Fire Center,California,6,6,40.3832,-120.3844,0.1,4,11,D298/1997/California/BLUE,D298,BLUE, ,0
-120.0677131,40.06660532,BLM,CA,CANOD,NorCal District,10113,MOTO, ,D305,Natural,0,0,A,1,1,1,11,1997,1997,5/12/97 0:00,5/12/97 0:00,5/13/97 0:00,WBCC,Sierra Front Interagency Dispatch Center,California,6,6,40.0666,-120.0677,0.1,1,0,D305/1997/California/MOTO,D305,MOTO, ,0
-120.7677133,40.74990532,BLM,CA,CANOD,NorCal District,10116,LMU LGT #7, ,D308,Natural,0,0,B,2,1,3,13,1997,1997,5/17/97 0:00,5/17/97 0:00,5/18/97 0:00,ONCC,Susanville Interagency Fire Center,California,6,6,40.7499,-120.7677,3,1,0,D308/1997/California/LMU LGT #7,D308,LMU LGT #7, ,0
-120.5011133,40.44990531,BLM,CA,CANOD,NorCal District,10121,BELFAST, ,D313,Natural,0,0,A,1,1,1,11,1997,1997,6/9/97 0:00,6/9/97 0:00,6/10/97 0:00,ONCC,Susanville Interagency Fire Center,California,6,6,40.4499,-120.5011,0.1,1,0,D313/1997/California/BELFAST,D313,BELFAST, ,0
-120.2011133,40.94990538,BLM,CA,CANOD,NorCal District,10127,SUGAR, ,D319,Natural,0,0,A,1,1,1,11,1997,1997,6/11/97 0:00,6/11/97 0:00,6/25/97 0:00,ONCC,Susanville Interagency Fire Center,California,6,6,40.9499,-120.2011,0.1,1,0,D319/1997/California/SUGAR,D319,SUGAR, ,0
-120.5344133,40.46660531,BLM,CA,CANOD,NorCal District,10131,MCCABE, ,D323,Natural,0,0,A,1,1,1,11,1997,1997,6/15/97 0:00,6/15/97 0:00,6/29/97 0:00,ONCC,Susanville Interagency Fire Center,California,6,6,40.4666,-120.5344,0.1,1,0,D323/1997/California/MCCABE,D323,MCCABE, ,0
-120.0677132,40.28320533,BLM,CA,CANOD,NorCal District,10141,DEMO, ,D333,Human,23,0,E,5,1,1,11,1997,1997,6/26/97 0:00,6/28/97 0:00,7/20/97 0:00,ONCC,Susanville Interagency Fire Center,California,6,6,40.2832,-120.0677,425,6,23,D333/1997/California/DEMO,D333,DEMO, ,0
-121.2678135,41.0666053,BLM,CA,CANOD,NorCal District,10142,LMU COUNTR, ,D334,Human,11,0,C,3,1,3,13,1997,1997,6/26/97 0:00,6/26/97 0:00,6/30/97 0:00,ONCC,Susanville Interagency Fire Center,California,6,6,41.0666,-121.2678,25,4,11,D334/1997/California/LMU COUNTR,D334,LMU COUNTR, ,0
-120.2344133,40.96660538,BLM,CA,CANOD,NorCal District,10145,COLD, ,D337,Natural,0,0,A,1,1,1,11,1997,1997,6/28/97 0:00,6/28/97 0:00,6/29/97 0:00,ONCC,Susanville Interagency Fire Center,California,6,6,40.9666,-120.2344,0.1,1,0,D337/1997/California/COLD,D337,COLD, ,0
-121.4011135,41.1999053,BLM,CA,CANOD,NorCal District,10146,SHU BLM #1, ,D338,Natural,0,0,B,2,1,3,13,1997,1997,7/2/97 0:00,7/2/97 0:00,7/3/97 0:00,ONCC,Redding Interagency Command Center,California,6,6,41.1999,-121.4011,0.5,1,0,D338/1997/California/SHU BLM #1,D338,SHU BLM #1, ,0
-120.5844133,40.68320533,BLM,CA,CANOD,NorCal District,10147,LOOKOUT, ,D339,Human,15,0,A,1,1,1,11,1997,1997,7/2/97 0:00,7/2/97 0:00,7/20/97 0:00,ONCC,Susanville Interagency Fire Center,California,6,6,40.6832,-120.5844,0.1,4,15,D339/1997/California/LOOKOUT,D339,LOOKOUT, ,0
-120.5677133,40.68320533,BLM,CA,CANOD,NorCal District,10149,LOOKOUT #2, ,D341,Human,15,0,A,1,1,1,11,1997,1997,7/4/97 0:00,7/4/97 0:00,7/28/97 0:00,ONCC,Susanville Interagency Fire Center,California,6,6,40.6832,-120.5677,0.1,4,15,D341/1997/California/LOOKOUT #2,D341,LOOKOUT #2, ,0
-119.9177133,41.13320542,BLM,CA,CANOD,NorCal District,10152,DUCK, ,D344,Natural,0,0,A,1,1,1,11,1997,1997,7/7/97 0:00,7/7/97 0:00,7/8/97 0:00,ONCC,Susanville Interagency Fire Center,Nevada,32,32,41.1332,-119.9177,0.1,1,0,D344/1997/Nevada/DUCK,D344,DUCK, ,0
-120.5011134,41.26660538,BLM,CA,CANOD,NorCal District,10158,PIPELINE, ,D350,Natural,0,0,A,1,1,1,11,1997,1997,7/17/97 0:00,7/17/97 0:00,7/18/97 0:00,ONCC,Susanville Interagency Fire Center,California,6,6,41.2666,-120.5011,0.1,1,0,D350/1997/California/PIPELINE,D350,PIPELINE, ,0
-120.7177134,41.09990535,BLM,CA,CANOD,NorCal District,10159,FLEMING, ,D351,Natural,0,0,A,1,1,1,11,1997,1997,7/18/97 0:00,7/18/97 0:00,7/19/97 0:00,ONCC,Susanville Interagency Fire Center,California,6,6,41.0999,-120.7177,0.1,1,0,D351/1997/California/FLEMING,D351,FLEMING, ,0
-120.2844133,40.78320536,BLM,CA,CANOD,NorCal District,10168,GARATE, ,D360,Natural,0,0,A,1,1,1,11,1997,1997,7/24/97 0:00,7/24/97 0:00,8/7/97 0:00,ONCC,Susanville Interagency Fire Center,California,6,6,40.7832,-120.2844,0.2,1,0,D360/1997/California/GARATE,D360,GARATE, ,0
-120.4344133,40.64990533,BLM,CA,CANOD,NorCal District,10172,HORSE, ,D364,Natural,0,0,A,1,1,1,11,1997,1997,7/25/97 0:00,7/25/97 0:00,8/8/97 0:00,ONCC,Susanville Interagency Fire Center,California,6,6,40.6499,-120.4344,0.1,1,0,D364/1997/California/HORSE,D364,HORSE, ,0
-120.6177133,40.73320533,BLM,CA,CANOD,NorCal District,10173,FREDONYER, ,D365,Natural,0,0,A,1,1,1,11,1997,1997,7/25/97 0:00,7/26/97 0:00,8/9/97 0:00,ONCC,Susanville Interagency Fire Center,California,6,6,40.7332,-120.6177,0.1,1,0,D365/1997/California/FREDONYER,D365,FREDONYER, ,0
-120.4344133,40.64990533,BLM,CA,CANOD,NorCal District,10175,RIDGE, ,D367,Natural,0,0,A,1,1,1,11,1997,1997,7/26/97 0:00,7/26/97 0:00,8/9/97 0:00,ONCC,Susanville Interagency Fire Center,California,6,6,40.6499,-120.4344,0.1,1,0,D367/1997/California/RIDGE,D367,RIDGE, ,0
-120.4344133,40.64990533,BLM,CA,CANOD,NorCal District,10176,SNOW, ,D368,Natural,0,0,A,1,1,1,11,1997,1997,7/26/97 0:00,7/26/97 0:00,8/9/97 0:00,ONCC,Susanville Interagency Fire Center,California,6,6,40.6499,-120.4344,0.1,1,0,D368/1997/California/SNOW,D368,SNOW, ,0
-121.2011134,40.93320529,BLM,CA,CANOD,NorCal District,10181,LMU LGT#28, ,D373,Natural,0,0,A,1,1,3,13,1997,1997,7/26/97 0:00,7/26/97 0:00,7/30/97 0:00,ONCC,Susanville Interagency Fire Center,California,6,6,40.9332,-121.2011,0.1,1,0,D373/1997/California/LMU LGT#28,D373,LMU LGT#28, ,0
-120.8011134,40.93320533,BLM,CA,CANOD,NorCal District,10182,LMU LGT#32, ,D374,Natural,0,0,A,1,1,3,13,1997,1997,7/26/97 0:00,7/27/97 0:00,7/28/97 0:00,ONCC,Susanville Interagency Fire Center,California,6,6,40.9332,-120.8011,0.1,1,0,D374/1997/California/LMU LGT#32,D374,LMU LGT#32, ,0
-119.7510133,41.66660548,BLM,CA,CANOD,NorCal District,10183,MASSACRE, ,D375,Natural,0,0,A,1,1,1,11,1997,1997,7/27/97 0:00,7/27/97 0:00,7/28/97 0:00,ONCC,Susanville Interagency Fire Center,Nevada,32,32,41.6666,-119.751,0.2,1,0,D375/1997/Nevada/MASSACRE,D375,MASSACRE, ,0
-121.0677133,40.36660526,BLM,CA,CANOD,NorCal District,10187,LMU LGT#31, ,D379,Natural,0,0,B,2,1,3,13,1997,1997,7/26/97 0:00,7/26/97 0:00,7/31/97 0:00,ONCC,Susanville Interagency Fire Center,California,6,6,40.3666,-121.0677,0.5,1,0,D379/1997/California/LMU LGT#31,D379,LMU LGT#31, ,0
-120.5177133,40.49990532,BLM,CA,CANOD,NorCal District,10189,TUNNISON, ,D381,Natural,0,0,B,2,1,1,11,1997,1997,7/28/97 0:00,7/28/97 0:00,8/11/97 0:00,ONCC,Susanville Interagency Fire Center,California,6,6,40.4999,-120.5177,3.5,1,0,D381/1997/California/TUNNISON,D381,TUNNISON, ,0
-121.1344134,40.9999053,BLM,CA,CANOD,NorCal District,10191,LMU LGT#47, ,D383,Natural,0,0,B,2,1,3,13,1997,1997,7/28/97 0:00,7/29/97 0:00,7/31/97 0:00,ONCC,Susanville Interagency Fire Center,California,6,6,40.9999,-121.1344,8,1,0,D383/1997/California/LMU LGT#47,D383,LMU LGT#47, ,0
-121.4011135,40.84990527,BLM,CA,CANOD,NorCal District,10192,LNF MOUNTA, ,D384,Natural,0,0,D,4,1,2,12,1997,1997,7/28/97 0:00,7/29/97 0:00,8/10/97 0:00,ONCC,Susanville Interagency Fire Center,California,6,6,40.8499,-121.4011,140,1,0,D384/1997/California/LNF MOUNTA,D384,LNF MOUNTA, ,0
-120.2010133,40.79990537,BLM,CA,CANOD,NorCal District,10195,OBSERVATIO, ,D387,Natural,0,0,A,1,1,1,11,1997,1997,7/28/97 0:00,7/28/97 0:00,8/11/97 0:00,ONCC,Susanville Interagency Fire Center,California,6,6,40.7999,-120.201,0.1,1,0,D387/1997/California/OBSERVATIO, ,OBSERVATIO, ,0
-119.6344133,41.76660549,BLM,CA,CANOD,NorCal District,10197,SAGE, ,D389,Natural,0,0,A,1,1,1,11,1997,1997,7/28/97 0:00,7/29/97 0:00,7/29/97 0:00,ONCC,Susanville Interagency Fire Center,Nevada,32,32,41.7666,-119.6344,0.1,1,0,D389/1997/Nevada/SAGE,D389,SAGE, ,0
-119.5677133,41.7832055,BLM,CA,CANOD,NorCal District,10201,TULLY, ,D393,Natural,0,0,A,1,1,1,11,1997,1997,7/29/97 0:00,7/30/97 0:00,7/31/97 0:00,ONCC,Susanville Interagency Fire Center,Nevada,32,32,41.7832,-119.5677,0.1,1,0,D393/1997/Nevada/TULLY,D393,TULLY, ,0
-120.2844133,40.93320537,BLM,CA,CANOD,NorCal District,10203,DORSEY, ,D395,Natural,0,0,A,1,1,1,11,1997,1997,7/29/97 0:00,7/31/97 0:00,7/31/97 0:00,ONCC,Susanville Interagency Fire Center,California,6,6,40.9332,-120.2844,0.1,1,0,D395/1997/California/DORSEY,D395,DORSEY, ,0
-121.1344134,40.88320529,BLM,CA,CANOD,NorCal District,10206,LMU LGT#55, ,D398,Natural,0,0,A,1,1,3,13,1997,1997,7/29/97 0:00,7/29/97 0:00,7/30/97 0:00,ONCC,Susanville Interagency Fire Center,California,6,6,40.8832,-121.1344,0.2,1,0,D398/1997/California/LMU LGT#55,D398,LMU LGT#55, ,0
-119.6344133,41.7999055,BLM,CA,CANOD,NorCal District,10210,BUCK, ,D402,Natural,0,0,A,1,1,1,11,1997,1997,7/30/97 0:00,7/31/97 0:00,8/4/97 0:00,ONCC,Susanville Interagency Fire Center,Nevada,32,32,41.7999,-119.6344,0.2,1,0,D402/1997/Nevada/BUCK,D402,BUCK, ,0
-119.9344132,40.58320537,BLM,CA,CANOD,NorCal District,10211,SMOKE, ,D403,Natural,0,0,C,3,1,1,11,1997,1997,7/30/97 0:00,7/30/97 0:00,8/13/97 0:00,ONCC,Susanville Interagency Fire Center,Nevada,32,32,40.5832,-119.9344,40,1,0,D403/1997/Nevada/SMOKE,D403,SMOKE, ,0
-120.4011133,40.68320534,BLM,CA,CANOD,NorCal District,10213,DINKY, ,D405,Natural,0,0,A,1,1,1,11,1997,1997,7/30/97 0:00,7/30/97 0:00,8/13/97 0:00,ONCC,Susanville Interagency Fire Center,California,6,6,40.6832,-120.4011,0.1,1,0,D405/1997/California/DINKY,D405,DINKY, ,0
-120.3511133,40.69990535,BLM,CA,CANOD,NorCal District,10214,STORM, ,D406,Natural,0,0,A,1,1,1,11,1997,1997,7/30/97 0:00,7/31/97 0:00,8/14/97 0:00,ONCC,Susanville Interagency Fire Center,California,6,6,40.6999,-120.3511,0.1,1,0,D406/1997/California/STORM,D406,STORM, ,0
-120.3511133,40.69990535,BLM,CA,CANOD,NorCal District,10215,SPANISH #2, ,D407,Natural,0,0,A,1,1,1,11,1997,1997,7/31/97 0:00,7/31/97 0:00,8/14/97 0:00,ONCC,Susanville Interagency Fire Center,California,6,6,40.6999,-120.3511,0.1,1,0,D407/1997/California/SPANISH #2,D407,SPANISH #2, ,0
-120.4677133,41.04990536,BLM,CA,CANOD,NorCal District,10222,PINNIO, ,D414,Human,3,0,B,2,1,1,11,1997,1997,8/3/97 0:00,8/3/97 0:00,8/5/97 0:00,ONCC,Susanville Interagency Fire Center,California,6,6,41.0499,-120.4677,0.5,6,3,D414/1997/California/PINNIO,D414,PINNIO, ,0
-120.5511133,40.49990531,BLM,CA,CANOD,NorCal District,10231,LMU LMUD#1, ,D423,Human,25,0,B,2,1,3,13,1997,1997,8/6/97 0:00,8/6/97 0:00,8/8/97 0:00,ONCC,Susanville Interagency Fire Center,California,6,6,40.4999,-120.5511,3,6,25,D423/1997/California/LMU LMUD#1,D423,LMU LMUD#1, ,0
-119.4844133,41.58320549,BLM,CA,CANOD,NorCal District,10236,MILLER, ,D428,Natural,0,0,C,3,1,1,11,1997,1997,8/9/97 0:00,8/10/97 0:00,8/12/97 0:00,ONCC,Susanville Interagency Fire Center,Nevada,32,32,41.5832,-119.4844,19.9,1,0,D428/1997/Nevada/MILLER,D428,MILLER, ,0
-122.7511136,40.71650515,BLM,CA,CANOD,NorCal District,10240,SHU DEADWO, ,D432,Human,10,0,C,3,1,3,13,1997,1997,8/9/97 0:00,8/10/97 0:00,8/15/97 0:00,ONCC,Redding Interagency Command Center,California,6,6,40.7165,-122.7511,10,3,10,D432/1997/California/SHU DEADWO,D432,SHU DEADWO, ,0
-120.1177133,41.26660541,BLM,CA,CANOD,NorCal District,10243,EMERSON, ,D435,Human,3,0,A,1,1,1,11,1997,1997,8/12/97 0:00,8/12/97 0:00,8/14/97 0:00,ONCC,Modoc Interagency Command Center,California,6,6,41.2666,-120.1177,0.1,6,3,D435/1997/California/EMERSON,D435,EMERSON, ,0
-120.1510132,40.11660531,BLM,CA,CANOD,NorCal District,10246,CCD COWBOY, ,D438,Human,30,0,B,2,1,1,11,1997,1997,8/16/97 0:00,8/17/97 0:00,8/18/97 0:00,WBCC,Sierra Front Interagency Dispatch Center,California,6,6,40.1166,-120.151,5.1,5,30,D438/1997/California/CCD COWBOY,D438,CCD COWBOY, ,0
-120.9177134,40.93320532,BLM,CA,CANOD,NorCal District,10252,LMU LGT#23, ,D444,Natural,0,0,A,1,1,3,13,1997,1997,7/17/97 0:00,7/17/97 0:00,7/18/97 0:00,ONCC,Susanville Interagency Fire Center,California,6,6,40.9332,-120.9177,0.1,1,0,D444/1997/California/LMU LGT#23,D444,LMU LGT#23, ,0
-120.2011134,41.48320542,BLM,CA,CANOD,NorCal District,10254,WELL, ,D446,Natural,0,0,A,1,1,1,11,1997,1997,8/23/97 0:00,8/23/97 0:00,8/26/97 0:00,ONCC,Modoc Interagency Command Center,California,6,6,41.4832,-120.2011,0.1,1,0,D446/1997/California/WELL,D446,WELL, ,0
-124.3512138,40.38320499,BLM,CA,CANOD,NorCal District,10255,HUU MATTOL, ,D447,Human,8,0,A,1,1,3,13,1997,1997,8/24/97 0:00,8/24/97 0:00,8/25/97 0:00,ONCC,Fortuna Interagency Command Center,California,6,6,40.3832,-124.3512,0.1,2,8,D447/1997/California/HUU MATTOL,D447,HUU MATTOL, ,0
-120.4344134,41.56660541,BLM,CA,CANOD,NorCal District,10262,LMU BUG, ,D454,Human,3,0,B,2,1,3,13,1997,1997,9/1/97 0:00,9/1/97 0:00,9/2/97 0:00,ONCC,Susanville Interagency Fire Center,California,6,6,41.5666,-120.4344,0.5,6,3,D454/1997/California/LMU BUG,D454,LMU BUG, ,0
-120.5011134,41.16660537,BLM,CA,CANOD,NorCal District,10263,LINE, ,D455,Natural,0,0,A,1,1,1,11,1997,1997,9/3/97 0:00,9/3/97 0:00,9/4/97 0:00,ONCC,Susanville Interagency Fire Center,California,6,6,41.1666,-120.5011,0.1,1,0,D455/1997/California/LINE,D455,LINE, ,0
-121.2511135,40.94990529,BLM,CA,CANOD,NorCal District,10266,LMU LGT#72, ,D458,Natural,0,0,A,1,1,3,13,1997,1997,9/3/97 0:00,9/3/97 0:00,9/5/97 0:00,ONCC,Susanville Interagency Fire Center,California,6,6,40.9499,-121.2511,0.1,1,0,D458/1997/California/LMU LGT#72,D458,LMU LGT#72, ,0
-120.2011134,41.46660542,BLM,CA,CANOD,NorCal District,10267,KAISER, ,D459,Natural,0,0,A,1,1,1,11,1997,1997,9/3/97 0:00,9/4/97 0:00,9/6/97 0:00,ONCC,Modoc Interagency Command Center,California,6,6,41.4666,-120.2011,0.1,1,0,D459/1997/California/KAISER,D459,KAISER, ,0